{
  "project_info": {
    "project_number": "394299912702",
    "project_id": "the-comment-application",
    "storage_bucket": "the-comment-application.appspot.com"
  },
  "client": [
    {
      "client_info": {
        "mobilesdk_app_id": "1:394299912702:android:ae6b811fde781fa86650af",
        "android_client_info": {
          "package_name": "com.example.commentapplication"
        }
      },
      "oauth_client": [
        {
          "client_id": "394299912702-fmip6qsn4mtdjloduni4ufshsc2779dt.apps.googleusercontent.com",
          "client_type": 3
        }
      ],
      "api_key": [
        {
          "current_key": "AIzaSyCQoMWRk3pEe75u09fjhXdDFKV5L27ngl8"
        }
      ],
      "services": {
        "appinvite_service": {
          "other_platform_oauth_client": [
            {
              "client_id": "394299912702-fmip6qsn4mtdjloduni4ufshsc2779dt.apps.googleusercontent.com",
              "client_type": 3
            }
          ]
        }
      }
    }
  ],
  "configuration_version": "1"
}